{
    "RoundRobin": {
        "cpu_percent": 1.488888888887696,
        "ram_mb": 22.44140625
    },
    "DQN": {
        "cpu_percent": 1.507407407404604,
        "ram_mb": 21.953125
    }
}