{
    "RoundRobin": {
        "cpu_percent": 1.3021932845971418,
        "ram_mb": 22.4296875
    }
}